{
    "description": "Grid 3 (Discount = 1.0, Iterations = 10, Exploration = 50%)",
    "input_kwargs": {
        "agent": "QLearningAgent(ACTIONS, 1.0, 0.5, 0.1, 1234)",
        "training_loop": "q_agent_training_loop",
        "env": "GridEnv.from_file('grids/grid3.json', Point(0,2))",
        "iterations": "10",
        "step_limit": "-1",
        "seed": "1234"
    },
    "comparison_args": [
        "{'L': {(0, 1): 0, (1, 2): 0, (2, 1): 0, (0, 0): 0, (1, 1): 0, (0, 2): 0, (2, 2): -0.1, (1, 0): 0}, 'R': {(0, 1): 0, (1, 2): 0, (2, 1): 0, (0, 0): 0, (1, 1): 0, (0, 2): -0.1, (2, 2): 0, (1, 0): 0}, 'D': {(0, 1): 0, (1, 2): -0.1, (2, 1): -0.1, (0, 0): 0, (1, 1): -0.1, (0, 2): 0, (2, 2): 0, (1, 0): -0.1}, 'U': {(0, 1): 0, (1, 2): -0.1, (2, 1): 0, (0, 0): 0, (1, 1): -0.1, (0, 2): 0, (2, 2): -0.1, (1, 0): -0.1}}",
        "{(0, 1): 'LRDU', (1, 2): 'LR', (2, 1): 'LRU', (0, 0): 'LRDU', (1, 1): 'LR', (0, 2): 'LDU', (2, 2): 'RD', (1, 0): 'LR'}",
        "'grids/grid3.json'"
    ]
}