{
    "description": "Grid 3 (Discount = 1.0, Iterations = 2)",
    "input_kwargs": {
        "agent": "ApproximateQLearningAgent(GridFeatureExtractor(), ACTIONS, 1.0, 0, 0.1, 1234)",
        "training_loop": "q_agent_training_loop",
        "env": "GridEnv.from_file('grids/grid3.json', Point(0,2))",
        "iterations": "2",
        "step_limit": "-1",
        "seed": "1234"
    },
    "comparison_args": [
        "{'L': {'X': 0, 'Y': 0, '1': 0}, 'R': {'X': 0, 'Y': 0, '1': 0}, 'D': {'X': 0.0, 'Y': -0.03333333333333333, '1': -0.1}, 'U': {'X': 0.0, 'Y': -0.06666666666666667, '1': -0.1}}",
        "{(0, 1): 'LR', (1, 2): 'LR', (2, 1): 'LR', (0, 0): 'LR', (1, 1): 'LR', (0, 2): 'LR', (2, 2): 'LR', (1, 0): 'LR'}",
        "'grids/grid3.json'"
    ]
}