{
    "description": "Grid 2 (Discount = 1.0, Iterations = 4000, Step-limit = 100, Exploration = 25%)",
    "input_kwargs": {
        "agent": "ApproximateQLearningAgent(GridFeatureExtractor(), ACTIONS, 1.0, 0.25, 0.1, 1234)",
        "training_loop": "q_agent_training_loop",
        "env": "GridEnv.from_file('grids/grid2.json')",
        "iterations": "4000",
        "step_limit": "40",
        "seed": "1234"
    },
    "comparison_args": [
        "{'L': {'X': 1.074984703477962, 'Y': 1.3181492246279671, '1': 2.077038173040896}, 'R': {'X': 0.9694796835730265, 'Y': 1.3060495755246675, '1': 2.1203095803898413}, 'D': {'X': 0.9947746596027784, 'Y': 1.1673672058574587, '1': 2.4906938029672463}, 'U': {'X': 1.0120617931639353, 'Y': 1.360678310734947, '1': 1.9563093432183405}}",
        "{(0, 1): 'D', (2, 4): 'D', (4, 0): 'D', (1, 2): 'D', (3, 4): 'D', (0, 4): 'D', (4, 3): 'D', (2, 1): 'D', (0, 2): 'D', (1, 0): 'D', (3, 2): 'D', (4, 1): 'D', (4, 4): 'D', (0, 0): 'D', (0, 3): 'D', (2, 0): 'D', (4, 2): 'D', (3, 0): 'D', (1, 4): 'D', (2, 3): 'D'}",
        "'grids/grid2.json'"
    ]
}