{
    "description": "Grid 5 (Discount = 1.0, Iterations = 2, Exploration = 50%)",
    "input_kwargs": {
        "agent": "ApproximateQLearningAgent(GridFeatureExtractor(), ACTIONS, 1.0, 0.5, 0.1, 1234)",
        "training_loop": "q_agent_training_loop",
        "env": "GridEnv.from_file('grids/grid5.json', Point(0,2))",
        "iterations": "2",
        "step_limit": "-1",
        "seed": "1234"
    },
    "comparison_args": [
        "{'L': {'X': 0, 'Y': 0, '1': 0}, 'R': {'X': 0.0, 'Y': -0.06666666666666667, '1': -0.1}, 'D': {'X': 0, 'Y': 0, '1': 0}, 'U': {'X': -0.03333333333333333, 'Y': -0.06666666666666667, '1': -0.1}}",
        "{(0, 1): 'LD', (1, 2): 'LD', (2, 1): 'LD', (0, 0): 'LD', (1, 1): 'LD', (0, 2): 'LD', (2, 2): 'LD', (1, 0): 'LD'}",
        "'grids/grid5.json'"
    ]
}