{
    "description": "Grid 3 (Discount = 0.5, Iterations = 10, Step-Limit = 2)",
    "input_kwargs": {
        "agent": "ApproximateQLearningAgent(GridFeatureExtractor(), ACTIONS, 0.5, 0, 0.1, 1234)",
        "training_loop": "q_agent_training_loop",
        "env": "GridEnv.from_file('grids/grid3.json', Point(0,2))",
        "iterations": "10",
        "step_limit": "2",
        "seed": "1234"
    },
    "comparison_args": [
        "{'L': {'X': 0.0, 'Y': -0.12777777777777777, '1': -0.19166666666666668}, 'R': {'X': 0.0, 'Y': -0.1559897119341564, '1': -0.280929012345679}, 'D': {'X': 0.0, 'Y': -0.15399794238683126, '1': -0.2809969135802469}, 'U': {'X': 0.0, 'Y': -0.12777777777777777, '1': -0.19166666666666668}}",
        "{(0, 1): 'LU', (1, 2): 'LU', (2, 1): 'LU', (0, 0): 'LU', (1, 1): 'LU', (0, 2): 'LU', (2, 2): 'LU', (1, 0): 'LU'}",
        "'grids/grid3.json'"
    ]
}