{
    "description": "Grid 5 (Discount = 1.0, Iterations = 10)",
    "input_kwargs": {
        "env": "GridEnv.from_file('grids/grid5.json')",
        "discount_factor": "1.0",
        "iterations": "10"
    },
    "comparison_args": [
        "{(0, 1): 6.8339564282000005, (1, 2): 7.081308503200002, (2, 1): 9.5910939768, (0, 0): 7.9437204796000005, (1, 1): 8.334841296, (0, 2): 5.905391405800001, (2, 2): 8.193973744000001, (1, 0): 9.5910939768}",
        "{(0, 1): 'R', (1, 2): 'R', (2, 1): 'U', (0, 0): 'R', (1, 1): 'R', (0, 2): 'R', (2, 2): 'U', (1, 0): 'R'}",
        "'grids/grid5.json'"
    ]
}